Workbook

Sheet Portada
A1: PLANILLA DE REQUERIMIENTOS
A3: Proyecto | B3: El Volcán Market — Tienda en línea Distribuidora de Gas El Volcán
A4: Asignatura | B4: DSY1104 – Desarrollo Full Stack II (Duoc UC)
A5: Caso | B5: Forma C – Distribuidora de Gas El Volcán, Chillán, Región de Ñuble
A6: Entrega | B6: Evaluación 1 – Frontend en HTML5, CSS3 y JavaScript
A7: Versión | B7: 1.0
A8: Fecha | B8: Septiembre 2026
A10: Contenido de la planilla
A11: Req. Funcionales | B11: Listado de requisitos funcionales con prioridad, estado y criterio de aceptación.
A12: Req. No Funcionales | B12: Listado de requisitos de calidad (usabilidad, diseño, seguridad, etc.).
A13: Trazabilidad | B13: Relación entre cada requisito y los archivos del repositorio que lo implementan.
A14: Resumen | B14: Conteos automáticos por prioridad y estado (calculados con fórmulas).
A16: Cómo usar esta planilla
A17: 1 | B17: Las columnas Estado, Prioridad y Responsable son las que el equipo debe mantener actualizadas.
A18: 2 | B18: Estado y Prioridad se eligen desde una lista desplegable; no escribir valores libres o el Resumen dejará de cuadrar.
A19: 3 | B19: Al agregar un requisito nuevo, insertar la fila DENTRO del rango existente para que las fórmulas del Resumen lo tomen.

Sheet Req. Funcionales
A1: ID | B1: Módulo | C1: Requisito | D1: Descripción | E1: Prioridad | F1: Estado | G1: Criterio de aceptación | H1: Usuario / Actor
A2: RF-01 | B2: Catálogo | C2: Visualizar catálogo de productos | D2: Mostrar en inicio y en productos el listado de cilindros con imagen, categoría, nombre, precio en pesos chilenos y stock, generado dinámicamente desde el catálogo almacenado. | E2: Alta | F2: Implementado | G2: Al abrir index.html o products.html se ven las 3 tarjetas de cilindros con su precio y stock reales. | H2: Cliente / Visitante
A3: RF-02 | B3: Catálogo | C3: Ver detalle de un producto | D3: Abrir el detalle con el parámetro id en la URL, mostrando descripción, precio, stock y selector de cantidad. Si el id no existe, mostrar aviso de producto no encontrado. | E3: Alta | F3: Implementado | G3: product-detail.html?id=2 muestra el cilindro de 11 kg; con id=99 muestra el mensaje de no encontrado. | H3: Cliente / Visitante
A4: RF-03 | B4: Carrito | C4: Agregar producto al carrito | D4: Agregar al carrito desde la tarjeta o desde el detalle. Si ya existe, sumar la cantidad. Nunca superar el stock disponible; con stock 0 el botón queda deshabilitado. | E4: Alta | F4: Implementado | G4: Agregar dos veces el mismo cilindro deja una sola línea con cantidad 2; nunca se supera el stock. | H4: Cliente / Visitante
A5: RF-04 | B5: Carrito | C5: Gestionar el contenido del carrito | D5: Modificar la cantidad de cada línea y eliminar líneas, recalculando el subtotal de la fila y el total general de inmediato. | E5: Alta | F5: Implementado | G5: Cambiar la cantidad actualiza subtotal y total sin recargar; Quitar elimina la fila. | H5: Cliente / Visitante
A6: RF-05 | B6: Carrito | C6: Persistir el carrito entre páginas | D6: Guardar el carrito en el navegador y mostrar el contador de unidades en la barra de navegación de todas las páginas de la tienda. | E6: Alta | F6: Implementado | G6: Agregar productos, navegar a otra página y recargar: el contador y el carrito se mantienen. | H6: Cliente / Visitante
A7: RF-06 | B7: Pedidos | C7: Confirmar pedido de despacho | D7: Confirmar el pedido ingresando nombre, dirección y teléfono (notas opcionales). Registrar el pedido con fecha, items, total y estado pendiente, vaciar el carrito y notificar al cliente. | E7: Alta | F7: Implementado | G7: Con el formulario válido aparece el mensaje de confirmación, el carrito queda vacío y el pedido aparece en el panel. | H7: Cliente
A8: RF-07 | B8: Usuarios | C8: Registrar un nuevo cliente | D8: Permitir el autoregistro. Todo usuario creado por esta vía queda con perfil cliente. Rechazar correos y RUN ya existentes y dejar la sesión iniciada al finalizar. | E8: Alta | F8: Implementado | G8: Registrar un correo repetido muestra el aviso; un registro válido redirige al inicio con el nombre en la barra. | H8: Cliente
A9: RF-08 | B9: Usuarios | C9: Iniciar sesión | D9: Validar correo y contraseña contra el catálogo de usuarios y redirigir según perfil: cliente a la tienda, administrador y vendedor al panel. | E9: Alta | F9: Implementado | G9: Con las credenciales del administrador se entra al panel; con credenciales erróneas aparece el mensaje de error. | H9: Todos
A10: RF-09 | B10: Usuarios | C10: Cerrar sesión | D10: Mostrar el nombre del usuario conectado en la barra de navegación y permitir cerrar la sesión. | E10: Media | F10: Implementado | G10: Al cerrar sesión vuelven a aparecer los botones Registrarse e Iniciar sesión. | H10: Todos
A11: RF-10 | B11: Seguridad | C11: Controlar el acceso al panel administrativo | D11: Impedir el ingreso a /admin sin sesión o con perfil cliente, redirigiendo al login. El vendedor tiene acceso de solo lectura, sin gestión de usuarios ni de altas y ediciones de productos. | E11: Alta | F11: Implementado | G11: Abrir admin/home.html sin sesión redirige al login; el vendedor no ve el menú Usuarios ni el botón Nuevo producto. | H11: Administrador / Vendedor
A12: RF-11 | B12: Administración | C12: Administrar productos (CRUD) | D12: Listar, crear, editar y eliminar productos del catálogo, con confirmación previa a eliminar. Los cambios se reflejan en la tienda. | E12: Alta | F12: Implementado | G12: Cambiar el precio de un cilindro en el panel se ve reflejado al volver a la tienda. | H12: Administrador
... A20: RF-19 | B20: Contenido | C20: Consultar contenido institucional | D20: Ofrecer las páginas Nosotros, Blog y dos detalles de noticia con información de la empresa. | E20: Baja | F20: Implementado | G20: Los enlaces del menú y del blog abren correctamente cada página. | H20: Cliente / Visitante

Sheet Req. No Funcionales
A1: ID | B1: Categoría | C1: Descripción | D1: Prioridad | E1: Estado | F1: Verificación
A2: RNF-01 | B2: Usabilidad | C2: Las validaciones de formulario se ejecutan en tiempo real (al escribir y al salir del campo), mostrando el mensaje de error bajo el campo afectado sin recargar la página. | D2: Alta | E2: Implementado | F2: Escribir un correo inválido marca el campo en rojo antes de enviar el formulario.
A3: RNF-02 | B3: Diseño responsivo | C3: Todas las vistas se adaptan a escritorio, tablet y móvil usando el sistema de grillas de Bootstrap 5.3 y la metaetiqueta viewport. | D3: Alta | E3: Implementado | F3: A 375 px de ancho el menú colapsa en hamburguesa y las tarjetas se apilan en una columna.
A4: RNF-03 | B4: Accesibilidad | C4: Cada control tiene su etiqueta asociada por for/id, los errores se marcan con aria-invalid, las imágenes tienen texto alternativo y cada página tiene un único h1 con estructura semántica. | D4: Media | E4: Implementado | F4: Revisión con las herramientas de desarrollo: no hay campos sin label ni imágenes sin alt.
A5: RNF-04 | B5: Mantenibilidad | C5: Los estilos se concentran en una única hoja externa que sobrescribe variables de Bootstrap, y la lógica se separa en módulos JavaScript por responsabilidad. | D5: Alta | E5: Implementado | F5: Cambiar una variable de color en custom.css actualiza el color en todo el sitio.
A6: RNF-05 | B6: Compatibilidad | C6: El sitio funciona correctamente en las versiones vigentes de Chrome, Edge y Firefox. | D6: Media | E6: Implementado | F6: Prueba manual del flujo completo en los tres navegadores.
A7: RNF-06 | B7: Rendimiento | C7: Cada página carga en menos de 3 segundos con una conexión doméstica estándar; las librerías externas se consumen vía CDN. | D7: Media | E7: Implementado | F7: Medición en la pestaña Red de las herramientas de desarrollo.
A8: RNF-07 | B8: Persistencia | C8: Los datos se almacenan en localStorage bajo claves estables (productos, usuarios, carrito, pedidos y sesión) y toda lectura maneja el caso de dato corrupto sin romper la página. | D8: Alta | E8: Implementado | F8: Alterar manualmente el valor guardado no rompe la página: se restaura el catálogo de fábrica.
A9: RNF-08 | B9: Seguridad | C9: El control de acceso por perfil se realiza en el cliente mediante la sesión guardada. Las contraseñas se almacenan sin cifrar por no existir backend; limitación conocida a resolver en la evaluación siguiente. | D9: Alta | E9: Parcial (limitación conocida) | F9: Documentado en el ERS sección 5; se corrige al migrar a backend.
A10: RNF-09 | B10: Identidad visual | C10: Se respeta la paleta corporativa (naranjo #E94E1D y azul oscuro #13162A), la tipografía SN Pro y un radio de bordes consistente, definidos como variables CSS. | D10: Media | E10: Implementado | F10: Inspección visual: botones, tarjetas y barra usan la misma paleta en todas las páginas.
A11: RNF-10 | B11: Portabilidad | C11: El proyecto se ejecuta abriendo los archivos en el navegador o con cualquier servidor estático, sin instalación ni compilación. | D11: Media | E11: Implementado | F11: Abrir store/index.html directamente desde el explorador de archivos funciona.
A12: RNF-11 | B12: Estándares | C12: El HTML es HTML5 válido según el validador del W3C; el código está comentado en español y usa nomenclatura descriptiva. | D12: Media | E12: Implementado | F12: Validación en validator.w3.org sin errores bloqueantes.
A13: RNF-12 | B13: Control de versiones | C13: El código se mantiene en un repositorio Git público, con ramas por funcionalidad y mensajes de commit descriptivos. | D13: Media | E13: Implementado | F13: Historial del repositorio con commits de todos los integrantes.

Sheet Trazabilidad
A1: ID requisito | B1: Vistas (HTML) | C1: Lógica (JS / CSS) | D1: Funciones o elementos clave
A2: RF-01 | B2: store/index.html, store/products.html | C2: assets/js/products.js | D2: renderProductos(), cargarCatalogoProductos()
A3: RF-02 | B3: store/product-detail.html | C3: assets/js/product-detail.js | D3: Lectura de ?id= con URLSearchParams
A4: RF-03 | B4: store/index.html, products.html, product-detail.html | C4: assets/js/cart.js | D4: manejarAgregarAlCarrito()
A5: RF-04 | B5: store/cart.html | C5: assets/js/cart.js | D5: renderCarrito(), manejarCambioCantidad(), manejarQuitarItem(), actualizarTotales()
A6: RF-05 | B6: Todas las páginas de store/ | C6: assets/js/cart.js, assets/js/store-nav.js | D6: obtenerCarrito(), guardarCarrito(), actualizarContadorCart()
A7: RF-06 | B7: store/cart.html | C7: assets/js/cart.js, assets/js/orders.js | D7: validarFormularioDespacho(), guardarPedidos()
A8: RF-07 | B8: store/register.html | C8: assets/js/register.js, assets/js/validations.js | D8: validarFormularioRegistro(), guardarCatalogoUsuarios()
A9: RF-08 | B9: store/login.html | C9: assets/js/login.js, assets/js/users.js | D9: guardarSesion(), redirección por tipo de usuario
A10: RF-09 | B10: Todas las páginas de store/ | C10: assets/js/store-nav.js, assets/js/users.js | D10: cerrarSesion(), obtenerSesion()
A11: RF-10 | B11: Todas las páginas de admin/ | C11: assets/js/admin-guard.js, assets/js/admin-nav.js | D11: Redirección al login y filtrado del menú por perfil
A12: RF-11 | B12: admin/products.html, new-product.html, edit-product.html | C12: assets/js/admin-products.js | D12: renderTablaProductos(), alta, edición y eliminación
... A22: RNF-07 | B22: Todas las páginas | C22: products.js, users.js, cart.js, orders.js | D22: Claves volcan_products_catalog, volcan_users_catalog, volcan_cart, volcan_orders, volcan_session

Sheet Resumen
A1: Resumen de requisitos
A2: Todos los valores se calculan con fórmulas sobre las hojas de requisitos; no editar a mano.
A4: Por prioridad
A5: Prioridad | B5: Funcionales | C5: No funcionales | D5: Total
A6: Alta | B6: =COUNTIF('Req. Funcionales'!$E$2:$E$20,$A6) -> 12 | C6: =COUNTIF('Req. No Funcionales'!$D$2:$D$13,$A6) -> 5 | D6: =B6+C6 -> 17
A7: Media | B7: =COUNTIF('Req. Funcionales'!$E$2:$E$20,$A7) -> 5 | C7: =COUNTIF('Req. No Funcionales'!$D$2:$D$13,$A7) -> 7 | D7: =B7+C7 -> 12
A8: Baja | B8: =COUNTIF('Req. Funcionales'!$E$2:$E$20,$A8) -> 2 | C8: =COUNTIF('Req. No Funcionales'!$D$2:$D$13,$A8) -> 0 | D8: =B8+C8 -> 2
A9: Total | B9: =SUM(B6:B8) -> 19 | C9: =SUM(C6:C8) -> 12 | D9: =SUM(D6:D8) -> 31
A11: Por estado
A12: Estado | B12: Funcionales | C12: No funcionales | D12: Total
A13: Implementado | B13: =COUNTIF('Req. Funcionales'!$F$2:$F$20,$A13) -> 19 | C13: =COUNTIF('Req. No Funcionales'!$E$2:$E$13,$A13) -> 11 | D13: =B13+C13 -> 30
A14: En desarrollo | B14: =COUNTIF('Req. Funcionales'!$F$2:$F$20,$A14) -> 0 | C14: =COUNTIF('Req. No Funcionales'!$E$2:$E$13,$A14) -> 0 | D14: =B14+C14 -> 0
A15: Pendiente | B15: =COUNTIF('Req. Funcionales'!$F$2:$F$20,$A15) -> 0 | C15: =COUNTIF('Req. No Funcionales'!$E$2:$E$13,$A15) -> 0 | D15: =B15+C15 -> 0
A16: Parcial (limitación conocida) | B16: =COUNTIF('Req. Funcionales'!$F$2:$F$20,$A16) -> 0 | C16: =COUNTIF('Req. No Funcionales'!$E$2:$E$13,$A16) -> 1 | D16: =B16+C16 -> 1
A17: Total | B17: =SUM(B13:B16) -> 19 | C17: =SUM(C13:C16) -> 12 | D17: =SUM(D13:D16) -> 31
A19: % de avance (requisitos implementados sobre el total) | D19: =IF(D9=0,0,D13/D9) -> 0.96774194
